INSERT INTO employee (employee_id, first_name, last_name, email, phone_number, hire_date, job_title, salary) VALUES (1, '45Mqx', 'JsUQz', '45mqx@example.com', '6235029119', '2024-11-26', 'barista', 34243);
INSERT INTO store (store_id, store_name, address, phone_number) VALUES (1, 'Store 1', 'Address 1', '0979979283');
INSERT INTO shift (shift_id, employee_id, store_id, shift_start, shift_end) VALUES (1, 1, 1, '2024-11-26 01:05:48', '2024-11-26 09:05:48');
INSERT INTO landlord (landlord_id, first_name, last_name, email, phone_number) VALUES (1, 'F0trG', 'CmCrq', 'f0trg@example.com', '7757904447');
INSERT INTO rental_contract (contract_id, store_id, landlord_id, start_date, end_date, rent) VALUES (1, 1, 1, '2024-11-26', '2025-11-26', 4073);
INSERT INTO fop (fop_id, name, commission_rate) VALUES (1, 'Equipment 1', 0.15126901917462937);
INSERT INTO fop_contract (contract_id, store_id, fop_id, start_date, end_date, commission_rate) VALUES (1, 1, 1, '2024-11-26', '2025-11-26', 0.15126901917462937);
INSERT INTO customer (customer_id, first_name, last_name, phone, email, street, city, province, zip_code) VALUES (1, 'F0trG', 'CmCrq', '0777676400', 'f0trg@example.com', 'Street 1', 'City 1', 'Province 1', '151715');
INSERT INTO product (product_id, product_name, price) VALUES (1, 'Product 1', 4.99);
INSERT INTO equipment (equipment_id, name, purchase_date, store_id) VALUES (1, 'Equipment 1', '2024-11-26', 1);
INSERT INTO raw_materials (material_id, material_name, unit) VALUES (1, 'Material 1', 'kg');
INSERT INTO recipe (recipe_id, material_id, product_id, quantity) VALUES (1, 1, 1, 23);
INSERT INTO `order` (order_id, customer_id, order_date) VALUES (1, 1, '2024-11-26');
INSERT INTO order_line (order_id, product_id, quantity) VALUES (1, 1, 23);
INSERT INTO membership (membership_id, customer_id, balance, start_date, end_date) VALUES (1, 1, 945.9629590312301, '2024-11-26', '2025-11-26');
INSERT INTO supplier (supplier_id, supplier_name, description) VALUES (1, 'Supplier 1', 'Description 1');
INSERT INTO supplier_order (s_orderId, supplier_id, store_id, equipment_id, quantity, order_date, price) VALUES (1, 1, 1, 1, 23, '2024-11-26', 369.2539624468541);
INSERT INTO store_inventory (material_id, store_id, quantity, last_updated) VALUES (1, 1, 23, '2024-11-26');
INSERT INTO employee (employee_id, first_name, last_name, email, phone_number, hire_date, job_title, salary) VALUES (2, 'CsXdF', 'zs2nf', 'csxdf@example.com', '9859527872', '2024-11-26', 'barista', 77377);
INSERT INTO store (store_id, store_name, address, phone_number) VALUES (2, 'Store 2', 'Address 2', '9185580620');
INSERT INTO shift (shift_id, employee_id, store_id, shift_start, shift_end) VALUES (2, 2, 2, '2024-11-26 01:05:48', '2024-11-26 09:05:48');
INSERT INTO landlord (landlord_id, first_name, last_name, email, phone_number) VALUES (2, 'YR61N', 'PTc80', 'yr61n@example.com', '3292072138');
INSERT INTO rental_contract (contract_id, store_id, landlord_id, start_date, end_date, rent) VALUES (2, 2, 2, '2024-11-26', '2025-11-26', 3131);
INSERT INTO fop (fop_id, name, commission_rate) VALUES (2, 'Equipment 2', 0.12324361011512795);
INSERT INTO fop_contract (contract_id, store_id, fop_id, start_date, end_date, commission_rate) VALUES (2, 2, 2, '2024-11-26', '2025-11-26', 0.12324361011512795);
INSERT INTO customer (customer_id, first_name, last_name, phone, email, street, city, province, zip_code) VALUES (2, 'YR61N', 'PTc80', '0848021974', 'yr61n@example.com', 'Street 2', 'City 2', 'Province 2', '414187');
INSERT INTO product (product_id, product_name, price) VALUES (2, 'Product 2', 5.99);
INSERT INTO equipment (equipment_id, name, purchase_date, store_id) VALUES (2, 'Equipment 2', '2024-11-26', 2);
INSERT INTO raw_materials (material_id, material_name, unit) VALUES (2, 'Material 2', 'kg');
INSERT INTO recipe (recipe_id, material_id, product_id, quantity) VALUES (2, 2, 2, 22);
INSERT INTO `order` (order_id, customer_id, order_date) VALUES (2, 2, '2024-11-26');
INSERT INTO order_line (order_id, product_id, quantity) VALUES (2, 2, 22);
INSERT INTO membership (membership_id, customer_id, balance, start_date, end_date) VALUES (2, 2, 936.1246682893843, '2024-11-26', '2025-11-26');
INSERT INTO supplier (supplier_id, supplier_name, description) VALUES (2, 'Supplier 2', 'Description 2');
INSERT INTO supplier_order (s_orderId, supplier_id, store_id, equipment_id, quantity, order_date, price) VALUES (2, 2, 2, 2, 22, '2024-11-26', 243.77209480869482);
INSERT INTO store_inventory (material_id, store_id, quantity, last_updated) VALUES (2, 2, 22, '2024-11-26');
INSERT INTO employee (employee_id, first_name, last_name, email, phone_number, hire_date, job_title, salary) VALUES (3, 'ngPHT', 'yYNBC', 'ngpht@example.com', '0730473434', '2024-11-26', 'barista', 51535);
INSERT INTO store (store_id, store_name, address, phone_number) VALUES (3, 'Store 3', 'Address 3', '7640176186');
INSERT INTO shift (shift_id, employee_id, store_id, shift_start, shift_end) VALUES (3, 3, 3, '2024-11-26 01:05:48', '2024-11-26 09:05:48');
INSERT INTO landlord (landlord_id, first_name, last_name, email, phone_number) VALUES (3, 'lJ6Bb', '6ZBuV', 'lj6bb@example.com', '5026755320');
INSERT INTO rental_contract (contract_id, store_id, landlord_id, start_date, end_date, rent) VALUES (3, 3, 3, '2024-11-26', '2025-11-26', 3131);
INSERT INTO fop (fop_id, name, commission_rate) VALUES (3, 'Equipment 3', 0.16816195901690656);
INSERT INTO fop_contract (contract_id, store_id, fop_id, start_date, end_date, commission_rate) VALUES (3, 3, 3, '2024-11-26', '2025-11-26', 0.16816195901690656);
INSERT INTO customer (customer_id, first_name, last_name, phone, email, street, city, province, zip_code) VALUES (3, 'lJ6Bb', '6ZBuV', '1923080440', 'lj6bb@example.com', 'Street 3', 'City 3', 'Province 3', '102783');
INSERT INTO product (product_id, product_name, price) VALUES (3, 'Product 3', 5.99);
INSERT INTO equipment (equipment_id, name, purchase_date, store_id) VALUES (3, 'Equipment 3', '2024-11-26', 3);
INSERT INTO raw_materials (material_id, material_name, unit) VALUES (3, 'Material 3', 'kg');
INSERT INTO recipe (recipe_id, material_id, product_id, quantity) VALUES (3, 3, 3, 65);
INSERT INTO `order` (order_id, customer_id, order_date) VALUES (3, 3, '2024-11-26');
INSERT INTO order_line (order_id, product_id, quantity) VALUES (3, 3, 65);
INSERT INTO membership (membership_id, customer_id, balance, start_date, end_date) VALUES (3, 3, 74.72069260195136, '2024-11-26', '2025-11-26');
INSERT INTO supplier (supplier_id, supplier_name, description) VALUES (3, 'Supplier 3', 'Description 3');
INSERT INTO supplier_order (s_orderId, supplier_id, store_id, equipment_id, quantity, order_date, price) VALUES (3, 3, 3, 3, 65, '2024-11-26', 563.5737040225073);
INSERT INTO store_inventory (material_id, store_id, quantity, last_updated) VALUES (3, 3, 65, '2024-11-26');
INSERT INTO employee (employee_id, first_name, last_name, email, phone_number, hire_date, job_title, salary) VALUES (4, 'GClvV', 'Oabrm', 'gclvv@example.com', '1763858740', '2024-11-26', 'barista', 64982);
INSERT INTO store (store_id, store_name, address, phone_number) VALUES (4, 'Store 4', 'Address 4', '0779776127');
INSERT INTO shift (shift_id, employee_id, store_id, shift_start, shift_end) VALUES (4, 4, 4, '2024-11-26 01:05:48', '2024-11-26 09:05:48');
INSERT INTO landlord (landlord_id, first_name, last_name, email, phone_number) VALUES (4, 'k2zfp', '68oGl', 'k2zfp@example.com', '5163406661');
INSERT INTO rental_contract (contract_id, store_id, landlord_id, start_date, end_date, rent) VALUES (4, 4, 4, '2024-11-26', '2025-11-26', 2353);
INSERT INTO fop (fop_id, name, commission_rate) VALUES (4, 'Equipment 4', 0.03843528537223948);
INSERT INTO fop_contract (contract_id, store_id, fop_id, start_date, end_date, commission_rate) VALUES (4, 4, 4, '2024-11-26', '2025-11-26', 0.03843528537223948);
INSERT INTO customer (customer_id, first_name, last_name, phone, email, street, city, province, zip_code) VALUES (4, 'k2zfp', '68oGl', '2909413434', 'k2zfp@example.com', 'Street 4', 'City 4', 'Province 4', '427666');
INSERT INTO product (product_id, product_name, price) VALUES (4, 'Product 4', 7.99);
INSERT INTO equipment (equipment_id, name, purchase_date, store_id) VALUES (4, 'Equipment 4', '2024-11-26', 4);
INSERT INTO raw_materials (material_id, material_name, unit) VALUES (4, 'Material 4', 'kg');
INSERT INTO recipe (recipe_id, material_id, product_id, quantity) VALUES (4, 4, 4, 6);
INSERT INTO `order` (order_id, customer_id, order_date) VALUES (4, 4, '2024-11-26');
INSERT INTO order_line (order_id, product_id, quantity) VALUES (4, 4, 6);
INSERT INTO membership (membership_id, customer_id, balance, start_date, end_date) VALUES (4, 4, 807.4029682000481, '2024-11-26', '2025-11-26');
INSERT INTO supplier (supplier_id, supplier_name, description) VALUES (4, 'Supplier 4', 'Description 4');
INSERT INTO supplier_order (s_orderId, supplier_id, store_id, equipment_id, quantity, order_date, price) VALUES (4, 4, 4, 4, 6, '2024-11-26', 117.12722251074942);
INSERT INTO store_inventory (material_id, store_id, quantity, last_updated) VALUES (4, 4, 6, '2024-11-26');
INSERT INTO employee (employee_id, first_name, last_name, email, phone_number, hire_date, job_title, salary) VALUES (5, 'YoKjy', 'wVgdt', 'yokjy@example.com', '9965162635', '2024-11-26', 'barista', 38087);
INSERT INTO store (store_id, store_name, address, phone_number) VALUES (5, 'Store 5', 'Address 5', '9348317457');
INSERT INTO shift (shift_id, employee_id, store_id, shift_start, shift_end) VALUES (5, 5, 5, '2024-11-26 01:05:48', '2024-11-26 09:05:48');
INSERT INTO landlord (landlord_id, first_name, last_name, email, phone_number) VALUES (5, 'jm1mL', 'X6TQr', 'jm1ml@example.com', '9452865786');
INSERT INTO rental_contract (contract_id, store_id, landlord_id, start_date, end_date, rent) VALUES (5, 5, 5, '2024-11-26', '2025-11-26', 3385);
INSERT INTO fop (fop_id, name, commission_rate) VALUES (5, 'Equipment 5', 0.08760058108889912);
INSERT INTO fop_contract (contract_id, store_id, fop_id, start_date, end_date, commission_rate) VALUES (5, 5, 5, '2024-11-26', '2025-11-26', 0.08760058108889912);
INSERT INTO customer (customer_id, first_name, last_name, phone, email, street, city, province, zip_code) VALUES (5, 'jm1mL', 'X6TQr', '9544608368', 'jm1ml@example.com', 'Street 5', 'City 5', 'Province 5', '582510');
INSERT INTO product (product_id, product_name, price) VALUES (5, 'Product 5', 5.99);
INSERT INTO equipment (equipment_id, name, purchase_date, store_id) VALUES (5, 'Equipment 5', '2024-11-26', 5);
INSERT INTO raw_materials (material_id, material_name, unit) VALUES (5, 'Material 5', 'kg');
INSERT INTO recipe (recipe_id, material_id, product_id, quantity) VALUES (5, 5, 5, 21);
INSERT INTO `order` (order_id, customer_id, order_date) VALUES (5, 5, '2024-11-26');
INSERT INTO order_line (order_id, product_id, quantity) VALUES (5, 5, 21);
INSERT INTO membership (membership_id, customer_id, balance, start_date, end_date) VALUES (5, 5, 379.460654315252, '2024-11-26', '2025-11-26');
INSERT INTO supplier (supplier_id, supplier_name, description) VALUES (5, 'Supplier 5', 'Description 5');
INSERT INTO supplier_order (s_orderId, supplier_id, store_id, equipment_id, quantity, order_date, price) VALUES (5, 5, 5, 5, 21, '2024-11-26', 601.0422906367346);
INSERT INTO store_inventory (material_id, store_id, quantity, last_updated) VALUES (5, 5, 21, '2024-11-26');
INSERT INTO employee (employee_id, first_name, last_name, email, phone_number, hire_date, job_title, salary) VALUES (6, 'g16nM', 'wklvo', 'g16nm@example.com', '0432128746', '2024-11-26', 'barista', 75746);
INSERT INTO store (store_id, store_name, address, phone_number) VALUES (6, 'Store 6', 'Address 6', '9285681147');
INSERT INTO shift (shift_id, employee_id, store_id, shift_start, shift_end) VALUES (6, 6, 6, '2024-11-26 01:05:48', '2024-11-26 09:05:48');
INSERT INTO landlord (landlord_id, first_name, last_name, email, phone_number) VALUES (6, 'DUsXt', 'rNyNh', 'dusxt@example.com', '2011581536');
INSERT INTO rental_contract (contract_id, store_id, landlord_id, start_date, end_date, rent) VALUES (6, 6, 6, '2024-11-26', '2025-11-26', 1296);
INSERT INTO fop (fop_id, name, commission_rate) VALUES (6, 'Equipment 6', 0.05365596121299354);
INSERT INTO fop_contract (contract_id, store_id, fop_id, start_date, end_date, commission_rate) VALUES (6, 6, 6, '2024-11-26', '2025-11-26', 0.05365596121299354);
INSERT INTO customer (customer_id, first_name, last_name, phone, email, street, city, province, zip_code) VALUES (6, 'DUsXt', 'rNyNh', '6794583899', 'dusxt@example.com', 'Street 6', 'City 6', 'Province 6', '537024');
INSERT INTO product (product_id, product_name, price) VALUES (6, 'Product 6', 6.99);
INSERT INTO equipment (equipment_id, name, purchase_date, store_id) VALUES (6, 'Equipment 6', '2024-11-26', 6);
INSERT INTO raw_materials (material_id, material_name, unit) VALUES (6, 'Material 6', 'kg');
INSERT INTO recipe (recipe_id, material_id, product_id, quantity) VALUES (6, 6, 6, 27);
INSERT INTO `order` (order_id, customer_id, order_date) VALUES (6, 6, '2024-11-26');
INSERT INTO order_line (order_id, product_id, quantity) VALUES (6, 6, 27);
INSERT INTO membership (membership_id, customer_id, balance, start_date, end_date) VALUES (6, 6, 126.99697404920329, '2024-11-26', '2025-11-26');
INSERT INTO supplier (supplier_id, supplier_name, description) VALUES (6, 'Supplier 6', 'Description 6');
INSERT INTO supplier_order (s_orderId, supplier_id, store_id, equipment_id, quantity, order_date, price) VALUES (6, 6, 6, 6, 27, '2024-11-26', 373.759161713958);
INSERT INTO store_inventory (material_id, store_id, quantity, last_updated) VALUES (6, 6, 27, '2024-11-26');
INSERT INTO employee (employee_id, first_name, last_name, email, phone_number, hire_date, job_title, salary) VALUES (7, 'GQW78', 'atez3', 'gqw78@example.com', '0674852362', '2024-11-26', 'barista', 59836);
INSERT INTO store (store_id, store_name, address, phone_number) VALUES (7, 'Store 7', 'Address 7', '2188832517');
INSERT INTO shift (shift_id, employee_id, store_id, shift_start, shift_end) VALUES (7, 7, 7, '2024-11-26 01:05:48', '2024-11-26 09:05:48');
INSERT INTO landlord (landlord_id, first_name, last_name, email, phone_number) VALUES (7, 'Kq6YA', 'MAY1Z', 'kq6ya@example.com', '6245204418');
INSERT INTO rental_contract (contract_id, store_id, landlord_id, start_date, end_date, rent) VALUES (7, 7, 7, '2024-11-26', '2025-11-26', 3109);
INSERT INTO fop (fop_id, name, commission_rate) VALUES (7, 'Equipment 7', 0.01784547808943131);
INSERT INTO fop_contract (contract_id, store_id, fop_id, start_date, end_date, commission_rate) VALUES (7, 7, 7, '2024-11-26', '2025-11-26', 0.01784547808943131);
INSERT INTO customer (customer_id, first_name, last_name, phone, email, street, city, province, zip_code) VALUES (7, 'Kq6YA', 'MAY1Z', '0331160536', 'kq6ya@example.com', 'Street 7', 'City 7', 'Province 7', '167231');
INSERT INTO product (product_id, product_name, price) VALUES (7, 'Product 7', 7.99);
INSERT INTO equipment (equipment_id, name, purchase_date, store_id) VALUES (7, 'Equipment 7', '2024-11-26', 7);
INSERT INTO raw_materials (material_id, material_name, unit) VALUES (7, 'Material 7', 'kg');
INSERT INTO recipe (recipe_id, material_id, product_id, quantity) VALUES (7, 7, 7, 62);
INSERT INTO `order` (order_id, customer_id, order_date) VALUES (7, 7, '2024-11-26');
INSERT INTO order_line (order_id, product_id, quantity) VALUES (7, 7, 62);
INSERT INTO membership (membership_id, customer_id, balance, start_date, end_date) VALUES (7, 7, 610.289199336555, '2024-11-26', '2025-11-26');
INSERT INTO supplier (supplier_id, supplier_name, description) VALUES (7, 'Supplier 7', 'Description 7');
INSERT INTO supplier_order (s_orderId, supplier_id, store_id, equipment_id, quantity, order_date, price) VALUES (7, 7, 7, 7, 62, '2024-11-26', 218.5561383774595);
INSERT INTO store_inventory (material_id, store_id, quantity, last_updated) VALUES (7, 7, 62, '2024-11-26');
INSERT INTO employee (employee_id, first_name, last_name, email, phone_number, hire_date, job_title, salary) VALUES (8, 'MP4hx', 'PVkU9', 'mp4hx@example.com', '9202746103', '2024-11-26', 'barista', 52777);
INSERT INTO store (store_id, store_name, address, phone_number) VALUES (8, 'Store 8', 'Address 8', '6457571321');
INSERT INTO shift (shift_id, employee_id, store_id, shift_start, shift_end) VALUES (8, 8, 8, '2024-11-26 01:05:48', '2024-11-26 09:05:48');
INSERT INTO landlord (landlord_id, first_name, last_name, email, phone_number) VALUES (8, 'JwkUj', '155SG', 'jwkuj@example.com', '2138832326');
INSERT INTO rental_contract (contract_id, store_id, landlord_id, start_date, end_date, rent) VALUES (8, 8, 8, '2024-11-26', '2025-11-26', 4807);
INSERT INTO fop (fop_id, name, commission_rate) VALUES (8, 'Equipment 8', 0.18648425753846334);
INSERT INTO fop_contract (contract_id, store_id, fop_id, start_date, end_date, commission_rate) VALUES (8, 8, 8, '2024-11-26', '2025-11-26', 0.18648425753846334);
INSERT INTO customer (customer_id, first_name, last_name, phone, email, street, city, province, zip_code) VALUES (8, 'JwkUj', '155SG', '1389446078', 'jwkuj@example.com', 'Street 8', 'City 8', 'Province 8', '718073');
INSERT INTO product (product_id, product_name, price) VALUES (8, 'Product 8', 5.99);
INSERT INTO equipment (equipment_id, name, purchase_date, store_id) VALUES (8, 'Equipment 8', '2024-11-26', 8);
INSERT INTO raw_materials (material_id, material_name, unit) VALUES (8, 'Material 8', 'kg');
INSERT INTO recipe (recipe_id, material_id, product_id, quantity) VALUES (8, 8, 8, 28);
INSERT INTO `order` (order_id, customer_id, order_date) VALUES (8, 8, '2024-11-26');
INSERT INTO order_line (order_id, product_id, quantity) VALUES (8, 8, 28);
INSERT INTO membership (membership_id, customer_id, balance, start_date, end_date) VALUES (8, 8, 421.7513234810165, '2024-11-26', '2025-11-26');
INSERT INTO supplier (supplier_id, supplier_name, description) VALUES (8, 'Supplier 8', 'Description 8');
INSERT INTO supplier_order (s_orderId, supplier_id, store_id, equipment_id, quantity, order_date, price) VALUES (8, 8, 8, 8, 28, '2024-11-26', 906.7144968388322);
INSERT INTO store_inventory (material_id, store_id, quantity, last_updated) VALUES (8, 8, 28, '2024-11-26');
INSERT INTO employee (employee_id, first_name, last_name, email, phone_number, hire_date, job_title, salary) VALUES (9, '8MnyC', 'Lxtwm', '8mnyc@example.com', '3744270521', '2024-11-26', 'barista', 38120);
INSERT INTO store (store_id, store_name, address, phone_number) VALUES (9, 'Store 9', 'Address 9', '9834083927');
INSERT INTO shift (shift_id, employee_id, store_id, shift_start, shift_end) VALUES (9, 9, 9, '2024-11-26 01:05:48', '2024-11-26 09:05:48');
INSERT INTO landlord (landlord_id, first_name, last_name, email, phone_number) VALUES (9, 'j75cz', 'RnJmd', 'j75cz@example.com', '1299725723');
INSERT INTO rental_contract (contract_id, store_id, landlord_id, start_date, end_date, rent) VALUES (9, 9, 9, '2024-11-26', '2025-11-26', 2729);
INSERT INTO fop (fop_id, name, commission_rate) VALUES (9, 'Equipment 9', 0.10937355803597014);
INSERT INTO fop_contract (contract_id, store_id, fop_id, start_date, end_date, commission_rate) VALUES (9, 9, 9, '2024-11-26', '2025-11-26', 0.10937355803597014);
INSERT INTO customer (customer_id, first_name, last_name, phone, email, street, city, province, zip_code) VALUES (9, 'j75cz', 'RnJmd', '1632849893', 'j75cz@example.com', 'Street 9', 'City 9', 'Province 9', '566290');
INSERT INTO product (product_id, product_name, price) VALUES (9, 'Product 9', 6.99);
INSERT INTO equipment (equipment_id, name, purchase_date, store_id) VALUES (9, 'Equipment 9', '2024-11-26', 9);
INSERT INTO raw_materials (material_id, material_name, unit) VALUES (9, 'Material 9', 'kg');
INSERT INTO recipe (recipe_id, material_id, product_id, quantity) VALUES (9, 9, 9, 2);
INSERT INTO `order` (order_id, customer_id, order_date) VALUES (9, 9, '2024-11-26');
INSERT INTO order_line (order_id, product_id, quantity) VALUES (9, 9, 2);
INSERT INTO membership (membership_id, customer_id, balance, start_date, end_date) VALUES (9, 9, 580.3809499067551, '2024-11-26', '2025-11-26');
INSERT INTO supplier (supplier_id, supplier_name, description) VALUES (9, 'Supplier 9', 'Description 9');
INSERT INTO supplier_order (s_orderId, supplier_id, store_id, equipment_id, quantity, order_date, price) VALUES (9, 9, 9, 9, 2, '2024-11-26', 926.7210050828435);
INSERT INTO store_inventory (material_id, store_id, quantity, last_updated) VALUES (9, 9, 2, '2024-11-26');
