INSERT INTO employee (employee_id, first_name, last_name, email, phone_number, hire_date, job_title, salary) VALUES (1, 'VeOdM', 'li92o', 'veodm@example.com', '7328062515', '2024-11-26', 'barista', 54268);
INSERT INTO store (store_id, store_name, address, phone_number) VALUES (1, 'Store 1', 'Address 1', '1408908436');
INSERT INTO shift (shift_id, employee_id, store_id, shift_start, shift_end) VALUES (1, 1, 1, '2024-11-26 00:54:50', '2024-11-26 08:54:50');
INSERT INTO landlord (landlord_id, first_name, last_name, email, phone_number) VALUES (1, 'kHyyF', 'qgYDF', 'khyyf@example.com', '6687082705');
INSERT INTO rental_contract (contract_id, store_id, landlord_id, start_date, end_date, rent) VALUES (1, 1, 1, '2024-11-26', '2025-11-26', 2568);
INSERT INTO fop (fop_id, name, commission_rate) VALUES (1, 'Equipment 1', 0.025121759702644963);
INSERT INTO fop_contract (contract_id, store_id, fop_id, start_date, end_date, commission_rate) VALUES (1, 1, 1, '2024-11-26', '2025-11-26', 0.025121759702644963);
INSERT INTO customer (customer_id, first_name, last_name, phone, email, street, city, province, zip_code) VALUES (1, 'kHyyF', 'qgYDF', '6362348726', 'khyyf@example.com', 'Street 1', 'City 1', 'Province 1', '889104');
INSERT INTO product (product_id, product_name, price) VALUES (1, 'Product 1', 518.4631703603402);
INSERT INTO equipment (equipment_id, name, purchase_date, store_id) VALUES (1, 'Equipment 1', '2024-11-26', 1);
INSERT INTO raw_materials (material_id, material_name, unit) VALUES (1, 'Material 1', 'kg');
INSERT INTO recipe (recipe_id, material_id, product_id, quantity) VALUES (1, 1, 1, 97);
INSERT INTO `order` (order_id, customer_id, order_date) VALUES (1, 1, '2024-11-26');
INSERT INTO order_line (order_id, product_id, quantity) VALUES (1, 1, 97);
INSERT INTO membership (membership_id, customer_id, balance, start_date, end_date) VALUES (1, 1, 445.4603597636351, '2024-11-26', '2025-11-26');
INSERT INTO supplier (supplier_id, supplier_name, description) VALUES (1, 'Supplier 1', 'Description 1');
INSERT INTO supplier_order (s_orderId, supplier_id, store_id, equipment_id, quantity, order_date, price) VALUES (1, 1, 1, 1, 97, '2024-11-26', 518.4631703603402);
INSERT INTO store_inventory (material_id, store_id, quantity, last_updated) VALUES (1, 1, 97, '2024-11-26');
INSERT INTO employee (employee_id, first_name, last_name, email, phone_number, hire_date, job_title, salary) VALUES (2, 'P8JGR', 'yhELp', 'p8jgr@example.com', '7392980887', '2024-11-26', 'barista', 49494);
INSERT INTO store (store_id, store_name, address, phone_number) VALUES (2, 'Store 2', 'Address 2', '5946808073');
INSERT INTO shift (shift_id, employee_id, store_id, shift_start, shift_end) VALUES (2, 2, 2, '2024-11-26 00:54:50', '2024-11-26 08:54:50');
INSERT INTO landlord (landlord_id, first_name, last_name, email, phone_number) VALUES (2, 'CnjUN', 'Fen6h', 'cnjun@example.com', '9289162667');
INSERT INTO rental_contract (contract_id, store_id, landlord_id, start_date, end_date, rent) VALUES (2, 2, 2, '2024-11-26', '2025-11-26', 4449);
INSERT INTO fop (fop_id, name, commission_rate) VALUES (2, 'Equipment 2', 0.19142837825311138);
INSERT INTO fop_contract (contract_id, store_id, fop_id, start_date, end_date, commission_rate) VALUES (2, 2, 2, '2024-11-26', '2025-11-26', 0.19142837825311138);
INSERT INTO customer (customer_id, first_name, last_name, phone, email, street, city, province, zip_code) VALUES (2, 'CnjUN', 'Fen6h', '2141804586', 'cnjun@example.com', 'Street 2', 'City 2', 'Province 2', '662947');
INSERT INTO product (product_id, product_name, price) VALUES (2, 'Product 2', 287.4638315738158);
INSERT INTO equipment (equipment_id, name, purchase_date, store_id) VALUES (2, 'Equipment 2', '2024-11-26', 2);
INSERT INTO raw_materials (material_id, material_name, unit) VALUES (2, 'Material 2', 'kg');
INSERT INTO recipe (recipe_id, material_id, product_id, quantity) VALUES (2, 2, 2, 22);
INSERT INTO `order` (order_id, customer_id, order_date) VALUES (2, 2, '2024-11-26');
INSERT INTO order_line (order_id, product_id, quantity) VALUES (2, 2, 22);
INSERT INTO membership (membership_id, customer_id, balance, start_date, end_date) VALUES (2, 2, 989.9252620795547, '2024-11-26', '2025-11-26');
INSERT INTO supplier (supplier_id, supplier_name, description) VALUES (2, 'Supplier 2', 'Description 2');
INSERT INTO supplier_order (s_orderId, supplier_id, store_id, equipment_id, quantity, order_date, price) VALUES (2, 2, 2, 2, 22, '2024-11-26', 287.4638315738158);
INSERT INTO store_inventory (material_id, store_id, quantity, last_updated) VALUES (2, 2, 22, '2024-11-26');
INSERT INTO employee (employee_id, first_name, last_name, email, phone_number, hire_date, job_title, salary) VALUES (3, 'EPHvy', 'qXeOw', 'ephvy@example.com', '5378088041', '2024-11-26', 'barista', 33397);
INSERT INTO store (store_id, store_name, address, phone_number) VALUES (3, 'Store 3', 'Address 3', '0698577590');
INSERT INTO shift (shift_id, employee_id, store_id, shift_start, shift_end) VALUES (3, 3, 3, '2024-11-26 00:54:50', '2024-11-26 08:54:50');
INSERT INTO landlord (landlord_id, first_name, last_name, email, phone_number) VALUES (3, 'iWyh5', 'V1b42', 'iwyh5@example.com', '5187991987');
INSERT INTO rental_contract (contract_id, store_id, landlord_id, start_date, end_date, rent) VALUES (3, 3, 3, '2024-11-26', '2025-11-26', 4822);
INSERT INTO fop (fop_id, name, commission_rate) VALUES (3, 'Equipment 3', 0.027191064131431422);
INSERT INTO fop_contract (contract_id, store_id, fop_id, start_date, end_date, commission_rate) VALUES (3, 3, 3, '2024-11-26', '2025-11-26', 0.027191064131431422);
INSERT INTO customer (customer_id, first_name, last_name, phone, email, street, city, province, zip_code) VALUES (3, 'iWyh5', 'V1b42', '6982925184', 'iwyh5@example.com', 'Street 3', 'City 3', 'Province 3', '471866');
INSERT INTO product (product_id, product_name, price) VALUES (3, 'Product 3', 508.8391118105553);
INSERT INTO equipment (equipment_id, name, purchase_date, store_id) VALUES (3, 'Equipment 3', '2024-11-26', 3);
INSERT INTO raw_materials (material_id, material_name, unit) VALUES (3, 'Material 3', 'kg');
INSERT INTO recipe (recipe_id, material_id, product_id, quantity) VALUES (3, 3, 3, 74);
INSERT INTO `order` (order_id, customer_id, order_date) VALUES (3, 3, '2024-11-26');
INSERT INTO order_line (order_id, product_id, quantity) VALUES (3, 3, 74);
INSERT INTO membership (membership_id, customer_id, balance, start_date, end_date) VALUES (3, 3, 196.10353282352187, '2024-11-26', '2025-11-26');
INSERT INTO supplier (supplier_id, supplier_name, description) VALUES (3, 'Supplier 3', 'Description 3');
INSERT INTO supplier_order (s_orderId, supplier_id, store_id, equipment_id, quantity, order_date, price) VALUES (3, 3, 3, 3, 74, '2024-11-26', 508.8391118105553);
INSERT INTO store_inventory (material_id, store_id, quantity, last_updated) VALUES (3, 3, 74, '2024-11-26');
INSERT INTO employee (employee_id, first_name, last_name, email, phone_number, hire_date, job_title, salary) VALUES (4, '89kyl', 'oO86A', '89kyl@example.com', '7503622647', '2024-11-26', 'barista', 74431);
INSERT INTO store (store_id, store_name, address, phone_number) VALUES (4, 'Store 4', 'Address 4', '4756848882');
INSERT INTO shift (shift_id, employee_id, store_id, shift_start, shift_end) VALUES (4, 4, 4, '2024-11-26 00:54:50', '2024-11-26 08:54:50');
INSERT INTO landlord (landlord_id, first_name, last_name, email, phone_number) VALUES (4, 'Ipkhp', 'yT9fz', 'ipkhp@example.com', '4629304611');
INSERT INTO rental_contract (contract_id, store_id, landlord_id, start_date, end_date, rent) VALUES (4, 4, 4, '2024-11-26', '2025-11-26', 3706);
INSERT INTO fop (fop_id, name, commission_rate) VALUES (4, 'Equipment 4', 0.07983114569198352);
INSERT INTO fop_contract (contract_id, store_id, fop_id, start_date, end_date, commission_rate) VALUES (4, 4, 4, '2024-11-26', '2025-11-26', 0.07983114569198352);
INSERT INTO customer (customer_id, first_name, last_name, phone, email, street, city, province, zip_code) VALUES (4, 'Ipkhp', 'yT9fz', '2601548658', 'ipkhp@example.com', 'Street 4', 'City 4', 'Province 4', '297222');
INSERT INTO product (product_id, product_name, price) VALUES (4, 'Product 4', 128.80697328611117);
INSERT INTO equipment (equipment_id, name, purchase_date, store_id) VALUES (4, 'Equipment 4', '2024-11-26', 4);
INSERT INTO raw_materials (material_id, material_name, unit) VALUES (4, 'Material 4', 'kg');
INSERT INTO recipe (recipe_id, material_id, product_id, quantity) VALUES (4, 4, 4, 85);
INSERT INTO `order` (order_id, customer_id, order_date) VALUES (4, 4, '2024-11-26');
INSERT INTO order_line (order_id, product_id, quantity) VALUES (4, 4, 85);
INSERT INTO membership (membership_id, customer_id, balance, start_date, end_date) VALUES (4, 4, 490.8470641216507, '2024-11-26', '2025-11-26');
INSERT INTO supplier (supplier_id, supplier_name, description) VALUES (4, 'Supplier 4', 'Description 4');
INSERT INTO supplier_order (s_orderId, supplier_id, store_id, equipment_id, quantity, order_date, price) VALUES (4, 4, 4, 4, 85, '2024-11-26', 128.80697328611117);
INSERT INTO store_inventory (material_id, store_id, quantity, last_updated) VALUES (4, 4, 85, '2024-11-26');
INSERT INTO employee (employee_id, first_name, last_name, email, phone_number, hire_date, job_title, salary) VALUES (5, 'jxUeD', 'PxD8g', 'jxued@example.com', '0444991699', '2024-11-26', 'barista', 43180);
INSERT INTO store (store_id, store_name, address, phone_number) VALUES (5, 'Store 5', 'Address 5', '2828584829');
INSERT INTO shift (shift_id, employee_id, store_id, shift_start, shift_end) VALUES (5, 5, 5, '2024-11-26 00:54:50', '2024-11-26 08:54:50');
INSERT INTO landlord (landlord_id, first_name, last_name, email, phone_number) VALUES (5, '8I1cz', 'c9Kcx', '8i1cz@example.com', '7782191772');
INSERT INTO rental_contract (contract_id, store_id, landlord_id, start_date, end_date, rent) VALUES (5, 5, 5, '2024-11-26', '2025-11-26', 4995);
INSERT INTO fop (fop_id, name, commission_rate) VALUES (5, 'Equipment 5', 0.15776444795559674);
INSERT INTO fop_contract (contract_id, store_id, fop_id, start_date, end_date, commission_rate) VALUES (5, 5, 5, '2024-11-26', '2025-11-26', 0.15776444795559674);
INSERT INTO customer (customer_id, first_name, last_name, phone, email, street, city, province, zip_code) VALUES (5, '8I1cz', 'c9Kcx', '8830349912', '8i1cz@example.com', 'Street 5', 'City 5', 'Province 5', '879419');
INSERT INTO product (product_id, product_name, price) VALUES (5, 'Product 5', 954.6763581639251);
INSERT INTO equipment (equipment_id, name, purchase_date, store_id) VALUES (5, 'Equipment 5', '2024-11-26', 5);
INSERT INTO raw_materials (material_id, material_name, unit) VALUES (5, 'Material 5', 'kg');
INSERT INTO recipe (recipe_id, material_id, product_id, quantity) VALUES (5, 5, 5, 76);
INSERT INTO `order` (order_id, customer_id, order_date) VALUES (5, 5, '2024-11-26');
INSERT INTO order_line (order_id, product_id, quantity) VALUES (5, 5, 76);
INSERT INTO membership (membership_id, customer_id, balance, start_date, end_date) VALUES (5, 5, 520.8694391448391, '2024-11-26', '2025-11-26');
INSERT INTO supplier (supplier_id, supplier_name, description) VALUES (5, 'Supplier 5', 'Description 5');
INSERT INTO supplier_order (s_orderId, supplier_id, store_id, equipment_id, quantity, order_date, price) VALUES (5, 5, 5, 5, 76, '2024-11-26', 954.6763581639251);
INSERT INTO store_inventory (material_id, store_id, quantity, last_updated) VALUES (5, 5, 76, '2024-11-26');
INSERT INTO employee (employee_id, first_name, last_name, email, phone_number, hire_date, job_title, salary) VALUES (6, 'HgF0c', 'NDS1v', 'hgf0c@example.com', '2550132991', '2024-11-26', 'barista', 46176);
INSERT INTO store (store_id, store_name, address, phone_number) VALUES (6, 'Store 6', 'Address 6', '8016977082');
INSERT INTO shift (shift_id, employee_id, store_id, shift_start, shift_end) VALUES (6, 6, 6, '2024-11-26 00:54:50', '2024-11-26 08:54:50');
INSERT INTO landlord (landlord_id, first_name, last_name, email, phone_number) VALUES (6, 'pgdJC', 'Zh7dE', 'pgdjc@example.com', '9549822756');
INSERT INTO rental_contract (contract_id, store_id, landlord_id, start_date, end_date, rent) VALUES (6, 6, 6, '2024-11-26', '2025-11-26', 1421);
INSERT INTO fop (fop_id, name, commission_rate) VALUES (6, 'Equipment 6', 0.06579944945869443);
INSERT INTO fop_contract (contract_id, store_id, fop_id, start_date, end_date, commission_rate) VALUES (6, 6, 6, '2024-11-26', '2025-11-26', 0.06579944945869443);
INSERT INTO customer (customer_id, first_name, last_name, phone, email, street, city, province, zip_code) VALUES (6, 'pgdJC', 'Zh7dE', '6548102239', 'pgdjc@example.com', 'Street 6', 'City 6', 'Province 6', '831927');
INSERT INTO product (product_id, product_name, price) VALUES (6, 'Product 6', 484.9519089668493);
INSERT INTO equipment (equipment_id, name, purchase_date, store_id) VALUES (6, 'Equipment 6', '2024-11-26', 6);
INSERT INTO raw_materials (material_id, material_name, unit) VALUES (6, 'Material 6', 'kg');
INSERT INTO recipe (recipe_id, material_id, product_id, quantity) VALUES (6, 6, 6, 27);
INSERT INTO `order` (order_id, customer_id, order_date) VALUES (6, 6, '2024-11-26');
INSERT INTO order_line (order_id, product_id, quantity) VALUES (6, 6, 27);
INSERT INTO membership (membership_id, customer_id, balance, start_date, end_date) VALUES (6, 6, 730.9486238154101, '2024-11-26', '2025-11-26');
INSERT INTO supplier (supplier_id, supplier_name, description) VALUES (6, 'Supplier 6', 'Description 6');
INSERT INTO supplier_order (s_orderId, supplier_id, store_id, equipment_id, quantity, order_date, price) VALUES (6, 6, 6, 6, 27, '2024-11-26', 484.9519089668493);
INSERT INTO store_inventory (material_id, store_id, quantity, last_updated) VALUES (6, 6, 27, '2024-11-26');
INSERT INTO employee (employee_id, first_name, last_name, email, phone_number, hire_date, job_title, salary) VALUES (7, '21m7s', 'vVM2M', '21m7s@example.com', '5098134455', '2024-11-26', 'barista', 31963);
INSERT INTO store (store_id, store_name, address, phone_number) VALUES (7, 'Store 7', 'Address 7', '1360962366');
INSERT INTO shift (shift_id, employee_id, store_id, shift_start, shift_end) VALUES (7, 7, 7, '2024-11-26 00:54:50', '2024-11-26 08:54:50');
INSERT INTO landlord (landlord_id, first_name, last_name, email, phone_number) VALUES (7, 'hhTn6', 'YNasV', 'hhtn6@example.com', '8680852493');
INSERT INTO rental_contract (contract_id, store_id, landlord_id, start_date, end_date, rent) VALUES (7, 7, 7, '2024-11-26', '2025-11-26', 3807);
INSERT INTO fop (fop_id, name, commission_rate) VALUES (7, 'Equipment 7', 0.027457133356091325);
INSERT INTO fop_contract (contract_id, store_id, fop_id, start_date, end_date, commission_rate) VALUES (7, 7, 7, '2024-11-26', '2025-11-26', 0.027457133356091325);
INSERT INTO customer (customer_id, first_name, last_name, phone, email, street, city, province, zip_code) VALUES (7, 'hhTn6', 'YNasV', '0392393518', 'hhtn6@example.com', 'Street 7', 'City 7', 'Province 7', '271737');
INSERT INTO product (product_id, product_name, price) VALUES (7, 'Product 7', 813.577734454179);
INSERT INTO equipment (equipment_id, name, purchase_date, store_id) VALUES (7, 'Equipment 7', '2024-11-26', 7);
INSERT INTO raw_materials (material_id, material_name, unit) VALUES (7, 'Material 7', 'kg');
INSERT INTO recipe (recipe_id, material_id, product_id, quantity) VALUES (7, 7, 7, 94);
INSERT INTO `order` (order_id, customer_id, order_date) VALUES (7, 7, '2024-11-26');
INSERT INTO order_line (order_id, product_id, quantity) VALUES (7, 7, 94);
INSERT INTO membership (membership_id, customer_id, balance, start_date, end_date) VALUES (7, 7, 253.73322180440195, '2024-11-26', '2025-11-26');
INSERT INTO supplier (supplier_id, supplier_name, description) VALUES (7, 'Supplier 7', 'Description 7');
INSERT INTO supplier_order (s_orderId, supplier_id, store_id, equipment_id, quantity, order_date, price) VALUES (7, 7, 7, 7, 94, '2024-11-26', 813.577734454179);
INSERT INTO store_inventory (material_id, store_id, quantity, last_updated) VALUES (7, 7, 94, '2024-11-26');
INSERT INTO employee (employee_id, first_name, last_name, email, phone_number, hire_date, job_title, salary) VALUES (8, 'nB9wm', 'Y75jr', 'nb9wm@example.com', '2036792534', '2024-11-26', 'barista', 30402);
INSERT INTO store (store_id, store_name, address, phone_number) VALUES (8, 'Store 8', 'Address 8', '8844278116');
INSERT INTO shift (shift_id, employee_id, store_id, shift_start, shift_end) VALUES (8, 8, 8, '2024-11-26 00:54:50', '2024-11-26 08:54:50');
INSERT INTO landlord (landlord_id, first_name, last_name, email, phone_number) VALUES (8, 'mgOZR', 'H7ORL', 'mgozr@example.com', '3557880448');
INSERT INTO rental_contract (contract_id, store_id, landlord_id, start_date, end_date, rent) VALUES (8, 8, 8, '2024-11-26', '2025-11-26', 3267);
INSERT INTO fop (fop_id, name, commission_rate) VALUES (8, 'Equipment 8', 0.112946799823883);
INSERT INTO fop_contract (contract_id, store_id, fop_id, start_date, end_date, commission_rate) VALUES (8, 8, 8, '2024-11-26', '2025-11-26', 0.112946799823883);
INSERT INTO customer (customer_id, first_name, last_name, phone, email, street, city, province, zip_code) VALUES (8, 'mgOZR', 'H7ORL', '1096080359', 'mgozr@example.com', 'Street 8', 'City 8', 'Province 8', '179928');
INSERT INTO product (product_id, product_name, price) VALUES (8, 'Product 8', 259.0206010534031);
INSERT INTO equipment (equipment_id, name, purchase_date, store_id) VALUES (8, 'Equipment 8', '2024-11-26', 8);
INSERT INTO raw_materials (material_id, material_name, unit) VALUES (8, 'Material 8', 'kg');
INSERT INTO recipe (recipe_id, material_id, product_id, quantity) VALUES (8, 8, 8, 53);
INSERT INTO `order` (order_id, customer_id, order_date) VALUES (8, 8, '2024-11-26');
INSERT INTO order_line (order_id, product_id, quantity) VALUES (8, 8, 53);
INSERT INTO membership (membership_id, customer_id, balance, start_date, end_date) VALUES (8, 8, 179.35202528747706, '2024-11-26', '2025-11-26');
INSERT INTO supplier (supplier_id, supplier_name, description) VALUES (8, 'Supplier 8', 'Description 8');
INSERT INTO supplier_order (s_orderId, supplier_id, store_id, equipment_id, quantity, order_date, price) VALUES (8, 8, 8, 8, 53, '2024-11-26', 259.0206010534031);
INSERT INTO store_inventory (material_id, store_id, quantity, last_updated) VALUES (8, 8, 53, '2024-11-26');
INSERT INTO employee (employee_id, first_name, last_name, email, phone_number, hire_date, job_title, salary) VALUES (9, 'e8Mxc', 'QqZQ1', 'e8mxc@example.com', '7407690618', '2024-11-26', 'barista', 58097);
INSERT INTO store (store_id, store_name, address, phone_number) VALUES (9, 'Store 9', 'Address 9', '2992026772');
INSERT INTO shift (shift_id, employee_id, store_id, shift_start, shift_end) VALUES (9, 9, 9, '2024-11-26 00:54:50', '2024-11-26 08:54:50');
INSERT INTO landlord (landlord_id, first_name, last_name, email, phone_number) VALUES (9, 'ZPbFJ', 'HwMR9', 'zpbfj@example.com', '7403237575');
INSERT INTO rental_contract (contract_id, store_id, landlord_id, start_date, end_date, rent) VALUES (9, 9, 9, '2024-11-26', '2025-11-26', 3111);
INSERT INTO fop (fop_id, name, commission_rate) VALUES (9, 'Equipment 9', 0.024188567658771334);
INSERT INTO fop_contract (contract_id, store_id, fop_id, start_date, end_date, commission_rate) VALUES (9, 9, 9, '2024-11-26', '2025-11-26', 0.024188567658771334);
INSERT INTO customer (customer_id, first_name, last_name, phone, email, street, city, province, zip_code) VALUES (9, 'ZPbFJ', 'HwMR9', '7045475338', 'zpbfj@example.com', 'Street 9', 'City 9', 'Province 9', '995576');
INSERT INTO product (product_id, product_name, price) VALUES (9, 'Product 9', 291.4472675401299);
INSERT INTO equipment (equipment_id, name, purchase_date, store_id) VALUES (9, 'Equipment 9', '2024-11-26', 9);
INSERT INTO raw_materials (material_id, material_name, unit) VALUES (9, 'Material 9', 'kg');
INSERT INTO recipe (recipe_id, material_id, product_id, quantity) VALUES (9, 9, 9, 18);
INSERT INTO `order` (order_id, customer_id, order_date) VALUES (9, 9, '2024-11-26');
INSERT INTO order_line (order_id, product_id, quantity) VALUES (9, 9, 18);
INSERT INTO membership (membership_id, customer_id, balance, start_date, end_date) VALUES (9, 9, 611.6477545212933, '2024-11-26', '2025-11-26');
INSERT INTO supplier (supplier_id, supplier_name, description) VALUES (9, 'Supplier 9', 'Description 9');
INSERT INTO supplier_order (s_orderId, supplier_id, store_id, equipment_id, quantity, order_date, price) VALUES (9, 9, 9, 9, 18, '2024-11-26', 291.4472675401299);
INSERT INTO store_inventory (material_id, store_id, quantity, last_updated) VALUES (9, 9, 18, '2024-11-26');
