INSERT INTO employee (employee_id, first_name, last_name, email, phone_number, hire_date, job_title, salary) VALUES (0, 'UNILP', 'RYELW', 'unilp@example.com', '7256395505', '2024-11-26', 'Manager', 48741);
INSERT INTO store (store_id, store_name, address, phone_number) VALUES (0, 'Store 0', 'Address 0', '6957492119');
INSERT INTO shift (shift_id, employee_id, store_id, shift_start, shift_end) VALUES (0, 0, 0, '2024-11-26 00:25:13.596123', '2024-11-26 08:25:13.596123');
INSERT INTO landlord (landlord_id, first_name, last_name, email, phone_number) VALUES (0, 'PLVMZ', 'FYNAI', 'plvmz@example.com', '5241087967');
INSERT INTO rental_contract (contract_id, store_id, landlord_id, start_date, end_date, rent) VALUES (0, 0, 0, '2024-11-26', '2025-11-26', 3467);
INSERT INTO fop (fop_id, name, commission_rate) VALUES (0, 'Equipment 0', 0.08108901496134745);
INSERT INTO fop_contract (contract_id, store_id, fop_id, start_date, end_date, commission_rate) VALUES (0, 0, 0, '2024-11-26', '2025-11-26', 0.08108901496134745);
INSERT INTO customer (customer_id, first_name, last_name, phone, email, street, city, province, zip_code) VALUES (0, 'PLVMZ', 'FYNAI', '3685328953', 'plvmz@example.com', 'Street 0', 'City 0', 'Province 0', '888768');
INSERT INTO product (product_id, product_name, price) VALUES (0, 'Product 0', 804.170015074735);
INSERT INTO equipment (equipment_id, name, purchase_date, store_id) VALUES (0, 'Equipment 0', '2024-11-26', 0);
INSERT INTO raw_materials (material_id, material_name, unit) VALUES (0, 'Material 0', 'kg');
INSERT INTO recipe (recipe_id, material_id, product_id, quantity) VALUES (0, 0, 0, 93);
INSERT INTO order (order_id, customer_id, order_date) VALUES (0, 0, '2024-11-26');
INSERT INTO order_line (order_id, product_id, quantity) VALUES (0, 0, 93);
INSERT INTO membership (membership_id, customer_id, balance, start_date, end_date) VALUES (0, 0, 219.77255263102646, '2024-11-26', '2025-11-26');
INSERT INTO supplier (supplier_id, supplier_name, description) VALUES (0, 'Supplier 0', 'Description 0');
INSERT INTO supplier_order (s_orderId, supplier_id, store_id, equipment_id, quantity, order_date, price) VALUES (0, 0, 0, 0, 93, '2024-11-26', 804.170015074735);
INSERT INTO store_inventory (material_id, store_id, quantity, last_updated) VALUES (0, 0, 93, '2024-11-26');
INSERT INTO employee (employee_id, first_name, last_name, email, phone_number, hire_date, job_title, salary) VALUES (1, 'XOCJI', 'HDYZS', 'xocji@example.com', '0265900946', '2024-11-26', 'Manager', 54913);
INSERT INTO store (store_id, store_name, address, phone_number) VALUES (1, 'Store 1', 'Address 1', '9270304515');
INSERT INTO shift (shift_id, employee_id, store_id, shift_start, shift_end) VALUES (1, 1, 1, '2024-11-26 00:25:13.597302', '2024-11-26 08:25:13.597302');
INSERT INTO landlord (landlord_id, first_name, last_name, email, phone_number) VALUES (1, 'KKZYO', 'YFDXT', 'kkzyo@example.com', '9073223200');
INSERT INTO rental_contract (contract_id, store_id, landlord_id, start_date, end_date, rent) VALUES (1, 1, 1, '2024-11-26', '2025-11-26', 3807);
INSERT INTO fop (fop_id, name, commission_rate) VALUES (1, 'Equipment 1', 0.15206023317303835);
INSERT INTO fop_contract (contract_id, store_id, fop_id, start_date, end_date, commission_rate) VALUES (1, 1, 1, '2024-11-26', '2025-11-26', 0.15206023317303835);
INSERT INTO customer (customer_id, first_name, last_name, phone, email, street, city, province, zip_code) VALUES (1, 'KKZYO', 'YFDXT', '6417946722', 'kkzyo@example.com', 'Street 1', 'City 1', 'Province 1', '328536');
INSERT INTO product (product_id, product_name, price) VALUES (1, 'Product 1', 518.9924069793215);
INSERT INTO equipment (equipment_id, name, purchase_date, store_id) VALUES (1, 'Equipment 1', '2024-11-26', 1);
INSERT INTO raw_materials (material_id, material_name, unit) VALUES (1, 'Material 1', 'kg');
INSERT INTO recipe (recipe_id, material_id, product_id, quantity) VALUES (1, 1, 1, 3);
INSERT INTO order (order_id, customer_id, order_date) VALUES (1, 1, '2024-11-26');
INSERT INTO order_line (order_id, product_id, quantity) VALUES (1, 1, 3);
INSERT INTO membership (membership_id, customer_id, balance, start_date, end_date) VALUES (1, 1, 826.5874982180821, '2024-11-26', '2025-11-26');
INSERT INTO supplier (supplier_id, supplier_name, description) VALUES (1, 'Supplier 1', 'Description 1');
INSERT INTO supplier_order (s_orderId, supplier_id, store_id, equipment_id, quantity, order_date, price) VALUES (1, 1, 1, 1, 3, '2024-11-26', 518.9924069793215);
INSERT INTO store_inventory (material_id, store_id, quantity, last_updated) VALUES (1, 1, 3, '2024-11-26');
INSERT INTO employee (employee_id, first_name, last_name, email, phone_number, hire_date, job_title, salary) VALUES (2, 'FHRRC', 'QXWYI', 'fhrrc@example.com', '7884777648', '2024-11-26', 'Manager', 33647);
INSERT INTO store (store_id, store_name, address, phone_number) VALUES (2, 'Store 2', 'Address 2', '7904572244');
INSERT INTO shift (shift_id, employee_id, store_id, shift_start, shift_end) VALUES (2, 2, 2, '2024-11-26 00:25:13.597302', '2024-11-26 08:25:13.597302');
INSERT INTO landlord (landlord_id, first_name, last_name, email, phone_number) VALUES (2, 'JEBKN', 'LMMDK', 'jebkn@example.com', '4531350049');
INSERT INTO rental_contract (contract_id, store_id, landlord_id, start_date, end_date, rent) VALUES (2, 2, 2, '2024-11-26', '2025-11-26', 2945);
INSERT INTO fop (fop_id, name, commission_rate) VALUES (2, 'Equipment 2', 0.11012350843776197);
INSERT INTO fop_contract (contract_id, store_id, fop_id, start_date, end_date, commission_rate) VALUES (2, 2, 2, '2024-11-26', '2025-11-26', 0.11012350843776197);
INSERT INTO customer (customer_id, first_name, last_name, phone, email, street, city, province, zip_code) VALUES (2, 'JEBKN', 'LMMDK', '9109919247', 'jebkn@example.com', 'Street 2', 'City 2', 'Province 2', '919473');
INSERT INTO product (product_id, product_name, price) VALUES (2, 'Product 2', 680.0402760737547);
INSERT INTO equipment (equipment_id, name, purchase_date, store_id) VALUES (2, 'Equipment 2', '2024-11-26', 2);
INSERT INTO raw_materials (material_id, material_name, unit) VALUES (2, 'Material 2', 'kg');
INSERT INTO recipe (recipe_id, material_id, product_id, quantity) VALUES (2, 2, 2, 19);
INSERT INTO order (order_id, customer_id, order_date) VALUES (2, 2, '2024-11-26');
INSERT INTO order_line (order_id, product_id, quantity) VALUES (2, 2, 19);
INSERT INTO membership (membership_id, customer_id, balance, start_date, end_date) VALUES (2, 2, 398.1271786982221, '2024-11-26', '2025-11-26');
INSERT INTO supplier (supplier_id, supplier_name, description) VALUES (2, 'Supplier 2', 'Description 2');
INSERT INTO supplier_order (s_orderId, supplier_id, store_id, equipment_id, quantity, order_date, price) VALUES (2, 2, 2, 2, 19, '2024-11-26', 680.0402760737547);
INSERT INTO store_inventory (material_id, store_id, quantity, last_updated) VALUES (2, 2, 19, '2024-11-26');
INSERT INTO employee (employee_id, first_name, last_name, email, phone_number, hire_date, job_title, salary) VALUES (3, 'TUHLQ', 'XRFGQ', 'tuhlq@example.com', '7121619700', '2024-11-26', 'Manager', 60257);
INSERT INTO store (store_id, store_name, address, phone_number) VALUES (3, 'Store 3', 'Address 3', '1056324933');
INSERT INTO shift (shift_id, employee_id, store_id, shift_start, shift_end) VALUES (3, 3, 3, '2024-11-26 00:25:13.597302', '2024-11-26 08:25:13.597302');
INSERT INTO landlord (landlord_id, first_name, last_name, email, phone_number) VALUES (3, 'WABQW', 'NQHDY', 'wabqw@example.com', '1417919933');
INSERT INTO rental_contract (contract_id, store_id, landlord_id, start_date, end_date, rent) VALUES (3, 3, 3, '2024-11-26', '2025-11-26', 1582);
INSERT INTO fop (fop_id, name, commission_rate) VALUES (3, 'Equipment 3', 0.09570055193245533);
INSERT INTO fop_contract (contract_id, store_id, fop_id, start_date, end_date, commission_rate) VALUES (3, 3, 3, '2024-11-26', '2025-11-26', 0.09570055193245533);
INSERT INTO customer (customer_id, first_name, last_name, phone, email, street, city, province, zip_code) VALUES (3, 'WABQW', 'NQHDY', '6933090180', 'wabqw@example.com', 'Street 3', 'City 3', 'Province 3', '912090');
INSERT INTO product (product_id, product_name, price) VALUES (3, 'Product 3', 827.1963622206947);
INSERT INTO equipment (equipment_id, name, purchase_date, store_id) VALUES (3, 'Equipment 3', '2024-11-26', 3);
INSERT INTO raw_materials (material_id, material_name, unit) VALUES (3, 'Material 3', 'kg');
INSERT INTO recipe (recipe_id, material_id, product_id, quantity) VALUES (3, 3, 3, 43);
INSERT INTO order (order_id, customer_id, order_date) VALUES (3, 3, '2024-11-26');
INSERT INTO order_line (order_id, product_id, quantity) VALUES (3, 3, 43);
INSERT INTO membership (membership_id, customer_id, balance, start_date, end_date) VALUES (3, 3, 475.7154533483807, '2024-11-26', '2025-11-26');
INSERT INTO supplier (supplier_id, supplier_name, description) VALUES (3, 'Supplier 3', 'Description 3');
INSERT INTO supplier_order (s_orderId, supplier_id, store_id, equipment_id, quantity, order_date, price) VALUES (3, 3, 3, 3, 43, '2024-11-26', 827.1963622206947);
INSERT INTO store_inventory (material_id, store_id, quantity, last_updated) VALUES (3, 3, 43, '2024-11-26');
INSERT INTO employee (employee_id, first_name, last_name, email, phone_number, hire_date, job_title, salary) VALUES (4, 'HAVFJ', 'SCOCC', 'havfj@example.com', '8909664462', '2024-11-26', 'Manager', 77303);
INSERT INTO store (store_id, store_name, address, phone_number) VALUES (4, 'Store 4', 'Address 4', '3154029612');
INSERT INTO shift (shift_id, employee_id, store_id, shift_start, shift_end) VALUES (4, 4, 4, '2024-11-26 00:25:13.597302', '2024-11-26 08:25:13.597302');
INSERT INTO landlord (landlord_id, first_name, last_name, email, phone_number) VALUES (4, 'HBBEU', 'GRJFW', 'hbbeu@example.com', '5155651706');
INSERT INTO rental_contract (contract_id, store_id, landlord_id, start_date, end_date, rent) VALUES (4, 4, 4, '2024-11-26', '2025-11-26', 3371);
INSERT INTO fop (fop_id, name, commission_rate) VALUES (4, 'Equipment 4', 0.002041962511915818);
INSERT INTO fop_contract (contract_id, store_id, fop_id, start_date, end_date, commission_rate) VALUES (4, 4, 4, '2024-11-26', '2025-11-26', 0.002041962511915818);
INSERT INTO customer (customer_id, first_name, last_name, phone, email, street, city, province, zip_code) VALUES (4, 'HBBEU', 'GRJFW', '1625912311', 'hbbeu@example.com', 'Street 4', 'City 4', 'Province 4', '706168');
INSERT INTO product (product_id, product_name, price) VALUES (4, 'Product 4', 511.215549809338);
INSERT INTO equipment (equipment_id, name, purchase_date, store_id) VALUES (4, 'Equipment 4', '2024-11-26', 4);
INSERT INTO raw_materials (material_id, material_name, unit) VALUES (4, 'Material 4', 'kg');
INSERT INTO recipe (recipe_id, material_id, product_id, quantity) VALUES (4, 4, 4, 78);
INSERT INTO order (order_id, customer_id, order_date) VALUES (4, 4, '2024-11-26');
INSERT INTO order_line (order_id, product_id, quantity) VALUES (4, 4, 78);
INSERT INTO membership (membership_id, customer_id, balance, start_date, end_date) VALUES (4, 4, 476.5117640947063, '2024-11-26', '2025-11-26');
INSERT INTO supplier (supplier_id, supplier_name, description) VALUES (4, 'Supplier 4', 'Description 4');
INSERT INTO supplier_order (s_orderId, supplier_id, store_id, equipment_id, quantity, order_date, price) VALUES (4, 4, 4, 4, 78, '2024-11-26', 511.215549809338);
INSERT INTO store_inventory (material_id, store_id, quantity, last_updated) VALUES (4, 4, 78, '2024-11-26');
INSERT INTO employee (employee_id, first_name, last_name, email, phone_number, hire_date, job_title, salary) VALUES (5, 'AFURY', 'ZXTZZ', 'afury@example.com', '0509193148', '2024-11-26', 'Manager', 75490);
INSERT INTO store (store_id, store_name, address, phone_number) VALUES (5, 'Store 5', 'Address 5', '8370925654');
INSERT INTO shift (shift_id, employee_id, store_id, shift_start, shift_end) VALUES (5, 5, 5, '2024-11-26 00:25:13.597302', '2024-11-26 08:25:13.597302');
INSERT INTO landlord (landlord_id, first_name, last_name, email, phone_number) VALUES (5, 'GPUIN', 'SHISM', 'gpuin@example.com', '4025871009');
INSERT INTO rental_contract (contract_id, store_id, landlord_id, start_date, end_date, rent) VALUES (5, 5, 5, '2024-11-26', '2025-11-26', 1048);
INSERT INTO fop (fop_id, name, commission_rate) VALUES (5, 'Equipment 5', 0.10710157495563072);
INSERT INTO fop_contract (contract_id, store_id, fop_id, start_date, end_date, commission_rate) VALUES (5, 5, 5, '2024-11-26', '2025-11-26', 0.10710157495563072);
INSERT INTO customer (customer_id, first_name, last_name, phone, email, street, city, province, zip_code) VALUES (5, 'GPUIN', 'SHISM', '2979002594', 'gpuin@example.com', 'Street 5', 'City 5', 'Province 5', '008205');
INSERT INTO product (product_id, product_name, price) VALUES (5, 'Product 5', 794.3040125030852);
INSERT INTO equipment (equipment_id, name, purchase_date, store_id) VALUES (5, 'Equipment 5', '2024-11-26', 5);
INSERT INTO raw_materials (material_id, material_name, unit) VALUES (5, 'Material 5', 'kg');
INSERT INTO recipe (recipe_id, material_id, product_id, quantity) VALUES (5, 5, 5, 95);
INSERT INTO order (order_id, customer_id, order_date) VALUES (5, 5, '2024-11-26');
INSERT INTO order_line (order_id, product_id, quantity) VALUES (5, 5, 95);
INSERT INTO membership (membership_id, customer_id, balance, start_date, end_date) VALUES (5, 5, 310.72817531593364, '2024-11-26', '2025-11-26');
INSERT INTO supplier (supplier_id, supplier_name, description) VALUES (5, 'Supplier 5', 'Description 5');
INSERT INTO supplier_order (s_orderId, supplier_id, store_id, equipment_id, quantity, order_date, price) VALUES (5, 5, 5, 5, 95, '2024-11-26', 794.3040125030852);
INSERT INTO store_inventory (material_id, store_id, quantity, last_updated) VALUES (5, 5, 95, '2024-11-26');
INSERT INTO employee (employee_id, first_name, last_name, email, phone_number, hire_date, job_title, salary) VALUES (6, 'GIIYH', 'ZVZTQ', 'giiyh@example.com', '8081911213', '2024-11-26', 'Manager', 76206);
INSERT INTO store (store_id, store_name, address, phone_number) VALUES (6, 'Store 6', 'Address 6', '8818949688');
INSERT INTO shift (shift_id, employee_id, store_id, shift_start, shift_end) VALUES (6, 6, 6, '2024-11-26 00:25:13.597302', '2024-11-26 08:25:13.597302');
INSERT INTO landlord (landlord_id, first_name, last_name, email, phone_number) VALUES (6, 'PZRDZ', 'OUQLN', 'pzrdz@example.com', '2195478104');
INSERT INTO rental_contract (contract_id, store_id, landlord_id, start_date, end_date, rent) VALUES (6, 6, 6, '2024-11-26', '2025-11-26', 2173);
INSERT INTO fop (fop_id, name, commission_rate) VALUES (6, 'Equipment 6', 0.03872980848172378);
INSERT INTO fop_contract (contract_id, store_id, fop_id, start_date, end_date, commission_rate) VALUES (6, 6, 6, '2024-11-26', '2025-11-26', 0.03872980848172378);
INSERT INTO customer (customer_id, first_name, last_name, phone, email, street, city, province, zip_code) VALUES (6, 'PZRDZ', 'OUQLN', '0025957063', 'pzrdz@example.com', 'Street 6', 'City 6', 'Province 6', '725702');
INSERT INTO product (product_id, product_name, price) VALUES (6, 'Product 6', 155.10173701801338);
INSERT INTO equipment (equipment_id, name, purchase_date, store_id) VALUES (6, 'Equipment 6', '2024-11-26', 6);
INSERT INTO raw_materials (material_id, material_name, unit) VALUES (6, 'Material 6', 'kg');
INSERT INTO recipe (recipe_id, material_id, product_id, quantity) VALUES (6, 6, 6, 44);
INSERT INTO order (order_id, customer_id, order_date) VALUES (6, 6, '2024-11-26');
INSERT INTO order_line (order_id, product_id, quantity) VALUES (6, 6, 44);
INSERT INTO membership (membership_id, customer_id, balance, start_date, end_date) VALUES (6, 6, 444.99225439969626, '2024-11-26', '2025-11-26');
INSERT INTO supplier (supplier_id, supplier_name, description) VALUES (6, 'Supplier 6', 'Description 6');
INSERT INTO supplier_order (s_orderId, supplier_id, store_id, equipment_id, quantity, order_date, price) VALUES (6, 6, 6, 6, 44, '2024-11-26', 155.10173701801338);
INSERT INTO store_inventory (material_id, store_id, quantity, last_updated) VALUES (6, 6, 44, '2024-11-26');
INSERT INTO employee (employee_id, first_name, last_name, email, phone_number, hire_date, job_title, salary) VALUES (7, 'XDLZO', 'ENIJQ', 'xdlzo@example.com', '2341230677', '2024-11-26', 'Manager', 61793);
INSERT INTO store (store_id, store_name, address, phone_number) VALUES (7, 'Store 7', 'Address 7', '3422646921');
INSERT INTO shift (shift_id, employee_id, store_id, shift_start, shift_end) VALUES (7, 7, 7, '2024-11-26 00:25:13.597302', '2024-11-26 08:25:13.597302');
INSERT INTO landlord (landlord_id, first_name, last_name, email, phone_number) VALUES (7, 'UNYTD', 'QDFKA', 'unytd@example.com', '9055084580');
INSERT INTO rental_contract (contract_id, store_id, landlord_id, start_date, end_date, rent) VALUES (7, 7, 7, '2024-11-26', '2025-11-26', 3479);
INSERT INTO fop (fop_id, name, commission_rate) VALUES (7, 'Equipment 7', 0.02420785626277884);
INSERT INTO fop_contract (contract_id, store_id, fop_id, start_date, end_date, commission_rate) VALUES (7, 7, 7, '2024-11-26', '2025-11-26', 0.02420785626277884);
INSERT INTO customer (customer_id, first_name, last_name, phone, email, street, city, province, zip_code) VALUES (7, 'UNYTD', 'QDFKA', '3060107222', 'unytd@example.com', 'Street 7', 'City 7', 'Province 7', '494751');
INSERT INTO product (product_id, product_name, price) VALUES (7, 'Product 7', 141.30115399752162);
INSERT INTO equipment (equipment_id, name, purchase_date, store_id) VALUES (7, 'Equipment 7', '2024-11-26', 7);
INSERT INTO raw_materials (material_id, material_name, unit) VALUES (7, 'Material 7', 'kg');
INSERT INTO recipe (recipe_id, material_id, product_id, quantity) VALUES (7, 7, 7, 91);
INSERT INTO order (order_id, customer_id, order_date) VALUES (7, 7, '2024-11-26');
INSERT INTO order_line (order_id, product_id, quantity) VALUES (7, 7, 91);
INSERT INTO membership (membership_id, customer_id, balance, start_date, end_date) VALUES (7, 7, 913.2340624382254, '2024-11-26', '2025-11-26');
INSERT INTO supplier (supplier_id, supplier_name, description) VALUES (7, 'Supplier 7', 'Description 7');
INSERT INTO supplier_order (s_orderId, supplier_id, store_id, equipment_id, quantity, order_date, price) VALUES (7, 7, 7, 7, 91, '2024-11-26', 141.30115399752162);
INSERT INTO store_inventory (material_id, store_id, quantity, last_updated) VALUES (7, 7, 91, '2024-11-26');
INSERT INTO employee (employee_id, first_name, last_name, email, phone_number, hire_date, job_title, salary) VALUES (8, 'MNWZX', 'TNNUQ', 'mnwzx@example.com', '5829928141', '2024-11-26', 'Manager', 78354);
INSERT INTO store (store_id, store_name, address, phone_number) VALUES (8, 'Store 8', 'Address 8', '5849588298');
INSERT INTO shift (shift_id, employee_id, store_id, shift_start, shift_end) VALUES (8, 8, 8, '2024-11-26 00:25:13.597302', '2024-11-26 08:25:13.597302');
INSERT INTO landlord (landlord_id, first_name, last_name, email, phone_number) VALUES (8, 'APGVS', 'WPUSM', 'apgvs@example.com', '5099147583');
INSERT INTO rental_contract (contract_id, store_id, landlord_id, start_date, end_date, rent) VALUES (8, 8, 8, '2024-11-26', '2025-11-26', 2238);
INSERT INTO fop (fop_id, name, commission_rate) VALUES (8, 'Equipment 8', 0.02003011060011515);
INSERT INTO fop_contract (contract_id, store_id, fop_id, start_date, end_date, commission_rate) VALUES (8, 8, 8, '2024-11-26', '2025-11-26', 0.02003011060011515);
INSERT INTO customer (customer_id, first_name, last_name, phone, email, street, city, province, zip_code) VALUES (8, 'APGVS', 'WPUSM', '0038595037', 'apgvs@example.com', 'Street 8', 'City 8', 'Province 8', '643964');
INSERT INTO product (product_id, product_name, price) VALUES (8, 'Product 8', 986.4208161476544);
INSERT INTO equipment (equipment_id, name, purchase_date, store_id) VALUES (8, 'Equipment 8', '2024-11-26', 8);
INSERT INTO raw_materials (material_id, material_name, unit) VALUES (8, 'Material 8', 'kg');
INSERT INTO recipe (recipe_id, material_id, product_id, quantity) VALUES (8, 8, 8, 42);
INSERT INTO order (order_id, customer_id, order_date) VALUES (8, 8, '2024-11-26');
INSERT INTO order_line (order_id, product_id, quantity) VALUES (8, 8, 42);
INSERT INTO membership (membership_id, customer_id, balance, start_date, end_date) VALUES (8, 8, 588.698780096103, '2024-11-26', '2025-11-26');
INSERT INTO supplier (supplier_id, supplier_name, description) VALUES (8, 'Supplier 8', 'Description 8');
INSERT INTO supplier_order (s_orderId, supplier_id, store_id, equipment_id, quantity, order_date, price) VALUES (8, 8, 8, 8, 42, '2024-11-26', 986.4208161476544);
INSERT INTO store_inventory (material_id, store_id, quantity, last_updated) VALUES (8, 8, 42, '2024-11-26');
INSERT INTO employee (employee_id, first_name, last_name, email, phone_number, hire_date, job_title, salary) VALUES (9, 'GLISR', 'CHKHG', 'glisr@example.com', '1283647300', '2024-11-26', 'Manager', 42433);
INSERT INTO store (store_id, store_name, address, phone_number) VALUES (9, 'Store 9', 'Address 9', '7801199491');
INSERT INTO shift (shift_id, employee_id, store_id, shift_start, shift_end) VALUES (9, 9, 9, '2024-11-26 00:25:13.598275', '2024-11-26 08:25:13.598275');
INSERT INTO landlord (landlord_id, first_name, last_name, email, phone_number) VALUES (9, 'XXGFN', 'YLFIA', 'xxgfn@example.com', '0201993475');
INSERT INTO rental_contract (contract_id, store_id, landlord_id, start_date, end_date, rent) VALUES (9, 9, 9, '2024-11-26', '2025-11-26', 1747);
INSERT INTO fop (fop_id, name, commission_rate) VALUES (9, 'Equipment 9', 0.15808234543053057);
INSERT INTO fop_contract (contract_id, store_id, fop_id, start_date, end_date, commission_rate) VALUES (9, 9, 9, '2024-11-26', '2025-11-26', 0.15808234543053057);
INSERT INTO customer (customer_id, first_name, last_name, phone, email, street, city, province, zip_code) VALUES (9, 'XXGFN', 'YLFIA', '4994996476', 'xxgfn@example.com', 'Street 9', 'City 9', 'Province 9', '734922');
INSERT INTO product (product_id, product_name, price) VALUES (9, 'Product 9', 881.1192469732971);
INSERT INTO equipment (equipment_id, name, purchase_date, store_id) VALUES (9, 'Equipment 9', '2024-11-26', 9);
INSERT INTO raw_materials (material_id, material_name, unit) VALUES (9, 'Material 9', 'kg');
INSERT INTO recipe (recipe_id, material_id, product_id, quantity) VALUES (9, 9, 9, 72);
INSERT INTO order (order_id, customer_id, order_date) VALUES (9, 9, '2024-11-26');
INSERT INTO order_line (order_id, product_id, quantity) VALUES (9, 9, 72);
INSERT INTO membership (membership_id, customer_id, balance, start_date, end_date) VALUES (9, 9, 138.9183390883204, '2024-11-26', '2025-11-26');
INSERT INTO supplier (supplier_id, supplier_name, description) VALUES (9, 'Supplier 9', 'Description 9');
INSERT INTO supplier_order (s_orderId, supplier_id, store_id, equipment_id, quantity, order_date, price) VALUES (9, 9, 9, 9, 72, '2024-11-26', 881.1192469732971);
INSERT INTO store_inventory (material_id, store_id, quantity, last_updated) VALUES (9, 9, 72, '2024-11-26');
